dataset,algorithm,runs,feasibleRate,totalScore_mean,totalScore_std,totalScore_best,totalScore_worst,kpiScore_mean,kpiScore_std,kpiScore_best,kpiScore_worst,costScore_mean,costScore_std,costScore_best,costScore_worst,timeScore_mean,timeScore_std,timeScore_best,timeScore_worst,totalCost_mean,totalCost_std,totalCost_best,totalCost_worst,actualMakespan_mean,actualMakespan_std,actualMakespan_best,actualMakespan_worst,runtimeSeconds_mean,runtimeSeconds_std,runtimeSeconds_best,runtimeSeconds_worst,evaluationAtBest_mean,evaluationAtBest_std,evaluationAtBest_best,evaluationAtBest_worst
msrcpsp_100_10_27_9_D2,hybrid_hs_ga_guided_mutation_hs150_ga850,30,1.0,76.366333,0.724309,78.22,74.82,98.346,1.083472,100.0,96.14,58.275667,2.032638,62.44,53.73,58.444333,2.816115,66.14,54.43,41961.406667,1013.466687,39885.6,44227.7,284.666667,13.123346,251.0,305.0,2.895402,0.051266,2.837998,3.059986,928.9,66.783406,765.0,1000.0
msrcpsp_100_10_512_10_A,hybrid_hs_ga_guided_mutation_hs150_ga850,30,1.0,78.014667,1.419877,79.99,73.2,85.979,3.531934,91.13,74.44,50.037667,1.627163,52.55,45.55,83.759,2.741082,88.33,78.71,144419.13,3414.338874,139150.5,153832.6,570.1,18.829675,540.0,606.0,3.390935,0.037928,3.313121,3.493447,961.666667,31.270149,891.0,999.0
msrcpsp_100_20_23_9_D1,hybrid_hs_ga_guided_mutation_hs150_ga850,30,1.0,86.259667,1.327628,89.26,83.2,97.240667,1.790395,99.39,92.69,60.784333,1.649407,65.47,58.06,86.702,4.474323,96.09,79.26,50829.86,1063.489819,47809.0,52586.7,198.9,10.084146,179.0,217.0,3.311108,0.217591,3.103459,4.112304,950.366667,43.893419,854.0,1000.0
msrcpsp_100_20_512_10_A,hybrid_hs_ga_guided_mutation_hs150_ga850,30,1.0,89.680333,0.764458,91.04,87.59,95.670333,1.587878,98.86,91.73,61.235667,2.057501,66.7,55.56,98.231,1.512949,100.0,94.09,108819.616667,3694.347286,98998.9,119003.1,567.166667,8.843391,557.0,592.0,3.927676,0.107992,3.750879,4.12896,965.466667,32.702429,863.0,1000.0
msrcpsp_100_5_20_9_D3,hybrid_hs_ga_guided_mutation_hs150_ga850,30,1.0,69.708,0.317599,70.2,69.05,99.712333,0.394484,100.0,98.29,75.898,2.858471,80.66,69.34,27.589667,1.942724,30.67,23.83,36488.96,1098.561683,34657.4,39009.9,517.3,37.380164,463.0,596.0,2.846964,0.05442,2.771289,3.015256,899.366667,93.473876,639.0,991.0
msrcpsp_10_3_5_3,hybrid_hs_ga_guided_mutation_hs150_ga850,30,1.0,80.489333,0.131756,80.57,80.06,100.0,0.0,100.0,100.0,39.786,3.531108,45.93,37.07,78.655333,2.355062,80.19,73.91,12254.243333,259.409491,11802.7,12453.4,108.166667,3.327495,106.0,115.0,0.371597,0.022106,0.343833,0.463634,539.266667,243.10806,149.0,896.0
msrcpsp_10_5_8_5,hybrid_hs_ga_guided_mutation_hs150_ga850,30,1.0,86.141,0.491917,86.6,85.09,94.974,2.076919,100.0,88.17,48.329333,4.112111,55.16,40.06,96.389333,2.509734,100.0,90.48,10909.783333,479.471841,10112.9,11874.4,78.9,2.03879,76.0,84.0,0.381255,0.008142,0.371366,0.406598,512.233333,135.159827,240.0,746.0
msrcpsp_10_7_10_7,hybrid_hs_ga_guided_mutation_hs150_ga850,30,1.0,94.858,0.193914,94.98,94.22,100.0,0.0,100.0,100.0,74.556,0.985125,78.21,72.77,99.843333,0.544936,100.0,97.2,10970.16,119.860968,10524.8,11187.6,104.166667,0.582142,104.0,107.0,0.401265,0.025431,0.381065,0.519983,538.566667,186.85693,291.0,969.0
msrcpsp_15_3_5_3,hybrid_hs_ga_guided_mutation_hs150_ga850,30,1.0,77.338,0.58037,78.2,76.5,93.828667,1.217365,96.94,90.81,77.254667,11.097469,92.99,58.81,56.189667,8.425714,68.22,42.72,9041.973333,2264.0288,5831.3,12805.6,160.366667,25.141577,129.0,206.0,0.497537,0.01127,0.485101,0.524469,539.333333,210.779717,194.0,951.0
msrcpsp_15_6_10_6,hybrid_hs_ga_guided_mutation_hs150_ga850,30,1.0,93.772667,1.132422,95.02,89.85,99.629333,1.386908,100.0,94.44,70.530333,3.342244,75.19,64.57,99.524333,1.055985,100.0,95.33,11637.776667,901.335319,10381.5,13246.1,102.5,1.118034,102.0,107.0,0.587539,0.030136,0.566227,0.7396,746.133333,149.657327,435.0,993.0
msrcpsp_200_10_135_9_D6,hybrid_hs_ga_guided_mutation_hs150_ga850,30,1.0,77.604333,0.721201,78.96,76.08,96.478667,1.014734,97.9,94.2,52.222,1.654659,55.45,48.92,67.839,2.255659,71.68,63.05,100529.94,1533.8974,97536.1,103595.1,788.033333,26.388739,745.0,847.0,5.640907,0.10538,5.473162,5.926387,968.4,27.516783,895.0,1000.0
msrcpsp_200_20_150_9_D5,hybrid_hs_ga_guided_mutation_hs150_ga850,30,1.0,90.598667,0.42129,91.71,90.02,98.121333,1.062459,99.62,95.39,68.602667,2.30813,71.95,62.34,93.496667,1.831011,97.61,89.73,83730.08,2449.953148,80175.5,90377.6,962.966667,18.863516,922.0,1003.0,6.04842,0.093162,5.840691,6.16701,957.8,34.844799,886.0,1000.0
msrcpsp_200_20_512_10_A,hybrid_hs_ga_guided_mutation_hs150_ga850,30,1.0,70.469,0.998557,72.53,68.27,81.124667,2.378276,84.58,74.8,55.591333,1.741082,59.84,52.05,65.269333,3.090166,74.03,59.41,239222.43,6702.259231,222854.8,252852.6,499.033333,23.23142,439.0,547.0,7.316564,0.138624,7.133017,7.906558,956.633333,35.603823,858.0,997.0
msrcpsp_200_40_130_9_D4,hybrid_hs_ga_guided_mutation_hs150_ga850,30,1.0,86.913,0.821434,88.91,85.57,92.538667,1.976749,95.77,87.62,51.952,2.89534,57.51,47.36,99.660667,0.600283,100.0,97.71,96199.54,3289.610921,89887.4,101420.3,514.766667,3.137763,513.0,525.0,6.572373,0.111206,6.405784,6.743293,975.966667,21.275155,914.0,999.0
msrcpsp_200_40_512_10_A,hybrid_hs_ga_guided_mutation_hs150_ga850,30,1.0,78.294333,1.068287,80.7,76.61,87.661,2.463586,92.4,81.15,53.693,2.151533,57.67,48.51,80.308333,3.094012,86.19,73.78,256898.353333,9168.805092,239944.1,278989.9,357.9,13.823531,333.0,389.0,8.342586,0.123294,8.12337,8.547322,972.0,22.860446,905.0,999.0
msrcpsp_500_20_512_10_A,hybrid_hs_ga_guided_mutation_hs150_ga850,30,1.0,49.904667,0.562878,50.79,48.25,75.155333,1.586639,77.92,70.88,43.488,0.712196,45.13,42.18,21.106333,1.199874,23.44,18.38,733871.116667,7638.056262,716291.3,747896.2,983.966667,57.127042,883.0,1126.0,17.594251,0.153388,17.371075,17.991597,987.033333,15.449883,942.0,1000.0
